name,count
Taste,37
Anxiety,17
Last Night,16
Ordinary,12
NOKIA,10
Messy,7
Abracadabra,7
BIRDS OF A FEATHER,6
Not Like Us,6
Just In Case,5
Espresso,5
like JENNIE,5
Pink Pony Club,4
Show Me Love,4
Love Me Not,3
Iris,3
Die With A Smile,2
Sports car,2
Lose Control,2
Love Somebody,2
undressed,2
MUTT,2
Loco,2
Sorry I'm Here For Someone Else,2
luther (with sza),1
All The Way (feat. Bailey Zimmerman),1
Dark Thoughts,1
Sailor Song,1
Beautiful Things,1
A Bar Song (Tipsy),1
"Good Luck, Babe!",1
APT.,1
back to friends,1
squabble up,1
Revolving door,1
505,1
I Remember Everything (feat. Kacey Musgraves),1
Busy Woman,1
Bad Dreams,1
I Ain't Comin' Back (feat. Post Malone),0
tv off (feat. lefty gunplay),0
No One Noticed,0
I'm The Problem,0
Timeless (feat Playboi Carti),0
I Had Some Help (Feat. Morgan Wallen),0
That’s So True,0
All The Stars (with SZA),0
DtMF,0
See You Again (feat. Kali Uchis),0
Feel It (From “Invincible”),0
I Never Lie,0
Te Quería Ver,0
Worst Way,0
Dreams - 2004 Remaster,0
Cowgirls (feat. ERNEST),0
Ain't No Love In Oklahoma (From Twisters: The Album),0
Too Sweet,0
Austin (Boots Stop Workin'),0
Azizam (feat. Googoosh) [Persian Version],0
Pink Skies,0
Indigo (feat. Avery Anna),0
